date,customer_id,product,price,quantity,coupon_code,shipping_city
2024-10-08,e79f819f-ed09-472d-981b-279a33c78006,Ring,4724.35,5,NONE,San Jose
2024-07-16,1934841e-524e-48cc-85d8-0203d03f20aa,Earrings,4743.77,4,FREESHIP,Dallas
2025-03-12,02c36dba-7500-4c75-8162-b9c551225a11,Ring,464.57,2,NONE,Los Angeles
2024-11-13,681cbfd9-23bb-4ed1-83d0-2b619746279f,Earrings,3956.67,2,SAVE10,San Diego
2024-06-22,d513344c-887f-4747-b1b3-225b3e16da7a,Anklet,760.47,4,NONE,San Diego
2024-06-26,994032f2-2fe2-450e-8880-8cb4e97f501c,Bracelet,1692.49,3,JEWEL20,Houston
2024-08-20,195f2892-d22c-495d-86fd-74fc7eea8358,Anklet,3798.33,1,FREESHIP,Phoenix
2025-02-07,4f2dc14b-fb8c-4075-aea9-7cc6f6fc6bad,Ring,1681.03,4,DISCOUNT15,San Diego
2024-07-05,12dca005-2aed-45e8-be87-29d85949314c,Ring,4146.93,2,DISCOUNT15,Los Angeles
2024-10-10,4f0a368e-745e-4da7-a43e-6865721285b0,Earrings,948.48,2,DISCOUNT15,Los Angeles
2024-11-04,01bfe247-9d73-495d-b5d1-50fe516db136,Pendant,1742.33,1,JEWEL20,New York
2024-10-12,d597a128-dcd2-4ea7-a063-b5cff84bca71,Necklace,87.62,1,DISCOUNT15,New York
2024-12-03,3ce50bd3-25ed-4709-969c-616d96990a77,Anklet,4352.58,4,FREESHIP,Houston
2024-12-25,0c13cd36-22a0-4f48-be63-ee5101bc6d8d,Ring,327.59,5,FREESHIP,San Jose
2024-10-06,2b20db52-a30d-42a6-a0de-dd690132c65e,Bracelet,4161.04,3,JEWEL20,Houston
2024-07-22,7fe363b6-701b-4c2f-9db9-c981fde6f7d5,Necklace,743.6,1,FREESHIP,Houston
2024-12-14,9f55bf82-f8d7-45b7-95bf-e78bb9f2a759,Necklace,2241.09,1,FREESHIP,Houston
2024-12-15,a8bd06e1-db08-4062-b71c-f516b3839cf0,Earrings,3169.72,3,DISCOUNT15,Chicago
2024-05-28,e7d3a5c6-c47c-4c86-a578-082e265f939f,Pendant,557.33,2,FREESHIP,Houston
2025-05-21,0e9c0241-66c6-4b2a-b637-a10ec314be85,Earrings,3867.05,5,JEWEL20,San Diego
2025-01-27,a10e4bc1-ff4a-49ea-93fe-59164ed55ff3,Earrings,4404.91,5,FREESHIP,San Jose
2024-06-25,ae18afb6-5ba1-4874-89db-fed1299c1016,Ring,4944.77,4,FREESHIP,Los Angeles
2025-01-09,ea6d3e39-db11-4d18-9cd8-995400898378,Necklace,2253.7,5,NONE,San Diego
2025-01-13,8557d050-0eb1-4b85-b908-1a892282f67c,Pendant,2744.9,5,FREESHIP,Houston
2024-06-30,c608642c-70fd-4b09-9892-d0d1c6b613d3,Pendant,2912.93,3,JEWEL20,Chicago
2024-08-26,ca333bef-5744-48c8-b552-69643f818500,Earrings,1742.64,3,DISCOUNT15,San Jose
2024-06-22,8e38d902-2007-48fd-85f2-a2193f77a7a7,Pendant,1651.18,3,FREESHIP,San Jose
2024-06-04,5edc4df6-4510-4cfd-aa98-2ef365d9015e,Bracelet,620.67,3,NONE,Phoenix
2025-05-05,c77125fc-2541-420e-9566-60d4eaf17ade,Bracelet,3101.64,5,FREESHIP,New York
2024-10-25,62febb52-a122-47fb-ad9d-36ff577c191e,Bracelet,1952.89,2,DISCOUNT15,Chicago
2024-07-12,dad2bae1-b56d-451f-958d-76680d73d8ed,Ring,1887.3,1,SAVE10,Houston
2025-01-01,7732a68f-ac98-4ae4-8347-a0e54f1d6601,Necklace,2081.08,1,JEWEL20,Dallas
2024-11-04,79647f42-369b-4e43-8808-f9fa8e3a9fe5,Pendant,2150.42,3,JEWEL20,Dallas
2024-12-26,4d80c56e-936d-45d4-b6b9-cc4f625fd3f6,Necklace,1185.21,3,DISCOUNT15,New York
2024-12-06,ce214b29-77ad-4d81-ada4-f11df398fa47,Ring,4333.2,5,JEWEL20,San Diego
2025-04-21,aa4f901e-e2d7-4b96-bbbf-6ab744aa78d3,Necklace,503.18,5,JEWEL20,Houston
2024-06-27,47a629dc-99fd-4887-a68d-98c0659e0724,Necklace,3594.47,3,NONE,Phoenix
2025-04-29,b51981fd-835d-457d-8690-fe0dee82b957,Earrings,1917.13,1,FREESHIP,Dallas
2025-01-28,715ab98d-5cac-4d15-879f-5d34cbf8dc96,Anklet,916.19,4,FREESHIP,Chicago
2024-06-21,c9470485-fb83-4817-8a1e-6ce15e5db082,Ring,3066.76,2,NONE,Houston
2024-10-21,0519ed81-0151-4bd1-ac48-557cdf8e1194,Pendant,4856.65,4,DISCOUNT15,New York
2024-10-05,3547f4d0-c4c3-4c47-8d43-eb9a8906cce8,Anklet,2360.52,4,DISCOUNT15,New York
2024-07-06,ff5c0860-4628-4639-a9b5-ed0ed56bd20c,Ring,2494.84,2,SAVE10,Houston
2024-08-04,e2ecadf7-49e6-4acc-b269-7b29ea9fc805,Anklet,2723.75,2,FREESHIP,Houston
2025-01-02,bd27e877-1fb9-46ff-a03b-d36937501a28,Necklace,804.93,4,DISCOUNT15,Los Angeles
2024-06-03,4d457a76-0db7-40f8-ae0b-bea4e21d162b,Ring,326.03,1,JEWEL20,Los Angeles
2024-10-27,ddb60fb5-ff69-4d0c-a672-c691bd30f528,Pendant,720.36,2,FREESHIP,New York
2025-01-06,771e8131-4c42-4458-b0fc-088eed975912,Necklace,2363.61,1,NONE,Houston
2024-06-23,e8d40e6c-79e0-48ef-b2ea-82249243edea,Bracelet,1318.87,1,SAVE10,Phoenix
2024-07-30,09b78732-e369-4394-9198-90c1af227e99,Anklet,1433.53,5,NONE,San Jose
2024-11-19,ca553e92-b173-45da-8d77-a8e2dd9fce9f,Anklet,552.3,1,JEWEL20,San Diego
2024-08-13,99a7eaff-647c-468f-8c66-077f662a49f7,Earrings,201.19,4,NONE,New York
2024-10-31,e45ae1b7-8351-40f1-8207-5d034e2e7238,Earrings,2906.92,1,FREESHIP,San Jose
2024-07-03,a8e5667a-d3b2-438c-9e75-d7b77942120c,Bracelet,2430.47,3,NONE,San Diego
2025-01-19,66b4fbbd-ea28-451f-9f0d-c2575c9e51f5,Anklet,4622.34,4,DISCOUNT15,Phoenix
2025-01-08,4faaf78d-268e-4159-b48d-6f413bb00028,Ring,2130.4,4,FREESHIP,Phoenix
2025-05-06,78029dd1-9255-47bf-88eb-4c08d7e0ecad,Ring,255.79,3,JEWEL20,Dallas
2024-12-30,9021a883-0f80-411c-a428-501c6d3f3ecb,Bracelet,3675.97,4,FREESHIP,Los Angeles
2024-10-13,c804602c-857d-4130-9adc-45bc24d0e382,Earrings,3507.33,5,SAVE10,New York
2024-06-30,cd8380de-1541-4b11-8a52-d6c0a6e64b11,Bracelet,4420.61,3,FREESHIP,Dallas
2025-03-09,4bd5cae8-b7ca-4646-87b1-27a537291821,Pendant,62.36,3,NONE,Houston
2024-06-25,dfb9e5a4-df58-4aea-bf28-4f71ac2e6730,Bracelet,2444.13,1,JEWEL20,Los Angeles
2024-12-19,f8623498-6c4d-4025-abc8-de197c98fe5a,Pendant,4249.36,5,NONE,Phoenix
2024-12-31,44548b44-21b7-4e9d-abfa-ce5d019176e3,Necklace,849.69,4,SAVE10,Los Angeles
2025-02-20,944d19d5-6154-4c65-97fd-e8c77de6b2d0,Ring,3469.18,4,DISCOUNT15,Chicago
2025-03-24,daebf25a-af37-45e9-805a-3e88678503be,Bracelet,714.42,2,SAVE10,New York
2024-08-13,7225727c-97f9-4522-8daa-b94d505b37be,Necklace,2397.09,4,DISCOUNT15,Chicago
2024-12-26,f2bc5374-3f5d-4af5-82b2-6caf6be10c62,Pendant,2093.81,1,NONE,San Jose
2024-08-22,c751300a-862f-4e23-8827-97c9651f1f59,Earrings,4735.81,4,NONE,New York
2025-01-16,1ed73a8d-0b12-4676-82a1-b3394523ecb9,Earrings,896.01,5,DISCOUNT15,San Diego
2025-02-23,510e15d5-f9b6-4035-97a4-122f8525ed78,Earrings,1941.58,4,NONE,Dallas
2025-05-14,0454bc05-546d-41d3-b55c-47cfb0c3b1fe,Necklace,902.64,3,NONE,San Jose
2024-12-26,192dce99-f100-4ec8-8e21-1cee765dd33e,Pendant,117.17,3,SAVE10,San Diego
2024-07-13,8fff0a00-852f-4058-b960-f46cebfdf233,Bracelet,2527.03,2,FREESHIP,Phoenix
2025-01-13,68f20971-641e-48f3-9f29-5b42ee2b0f6d,Pendant,4648.31,3,NONE,Houston
2024-05-27,fdfd33f1-6939-44a3-8d94-5f0eb5276a72,Pendant,3976.14,1,FREESHIP,Phoenix
2025-04-02,3db04cc7-2ca6-4432-9da3-2912bee8691f,Necklace,4296.54,5,DISCOUNT15,Phoenix
2025-05-12,a339f407-2757-4087-88b9-0460892c6c74,Bracelet,3871.97,2,NONE,Chicago
2024-07-23,bd555b68-f331-4130-89db-0d934321ac80,Earrings,3601.77,2,JEWEL20,Houston
2025-03-01,35d660fc-c59a-41e8-82e6-aa501bee798d,Anklet,1127.6,5,NONE,Houston
2024-12-02,213aecc4-d205-44ef-a665-298466c7f60c,Earrings,4986.14,2,JEWEL20,New York
2024-11-01,43e9acb3-0b34-4a6b-9edd-304e0b9266af,Necklace,1415.18,2,JEWEL20,Los Angeles
2024-08-10,b6d6da75-a16f-4b9f-9bed-d1e00ea7c590,Earrings,3397.36,2,FREESHIP,New York
2024-07-05,05619fbf-6198-4d3b-abc1-cc1b670f6668,Earrings,3963.96,4,FREESHIP,Phoenix
2024-08-31,92a16582-f8dc-44d8-8c9e-76a49b0b6571,Necklace,3728.43,3,DISCOUNT15,Chicago
2024-10-08,c43dc933-d7c7-40f9-a50b-e402ac8233ac,Necklace,350.97,5,JEWEL20,Houston
2024-08-18,d32f3c7d-69b6-4857-a9b6-cb0b1e5707ab,Ring,452.36,3,NONE,Dallas
2025-02-04,e80e311d-d469-4359-9bcc-98e2f611d6e4,Pendant,2044.98,3,FREESHIP,San Jose
2025-04-05,e8d26db2-5f9d-42e8-8fba-1959909a1ee7,Pendant,493.56,2,NONE,San Diego
2024-11-15,b53fb12a-c6d4-4d83-bcd0-70ee093bd488,Bracelet,473.38,4,SAVE10,Los Angeles
2025-03-13,68eabb9d-1fa8-4bb5-85aa-65bd8b800c89,Necklace,3255.57,1,FREESHIP,San Diego
2025-01-10,5a0c2fe5-e6dc-4ce6-aa0b-e5c41c65bc26,Anklet,1053.66,4,DISCOUNT15,San Jose
2024-08-10,af689526-5db6-4d15-bfd8-6798e88fc2e9,Bracelet,2693.97,4,JEWEL20,San Diego
2024-09-28,7dd55f74-04f7-4f64-b578-d4d1cc2b9317,Bracelet,3609.21,5,SAVE10,Phoenix
2024-12-17,bb74b194-2cca-4709-9406-6364cd88d7c1,Necklace,3810.34,5,NONE,Chicago
2024-11-21,786ca6f8-cbb1-4cd6-a66f-a993a9ddd7b1,Bracelet,1228.36,5,DISCOUNT15,Los Angeles
2025-02-25,b036126b-96a5-42db-8ae2-7c95ea2902c9,Ring,3671.31,1,JEWEL20,Los Angeles
2024-07-16,1e7ee571-f2f7-450c-8a0f-67b36c5c015d,Necklace,4224.47,3,JEWEL20,Houston
2024-09-27,8fa81771-749d-4122-af05-71117c6d4b7e,Ring,3575.21,4,NONE,Los Angeles
2025-03-15,729907d9-5ee5-4fb8-95c0-00c7c7ff7a3e,Ring,2176.63,5,FREESHIP,Dallas
2025-02-07,3841af94-edd4-4114-af72-a4eb7ee8ef78,Necklace,4299.94,1,DISCOUNT15,Phoenix
2024-08-17,f84dcbfb-5a3c-4783-a5dd-2328997bd154,Anklet,3605.99,5,FREESHIP,San Jose
2024-12-05,e84d104b-ab19-4211-bcb3-876da6d0e2c1,Pendant,1349.13,2,FREESHIP,New York
2024-12-21,3ef4782d-b16c-4d94-9a06-5b1cbc539d47,Bracelet,4436.78,1,FREESHIP,Houston
2025-03-13,5eb2ea5c-ccad-402b-9e86-3ec74dcf2d77,Bracelet,4039.96,1,SAVE10,Dallas
2024-09-15,32aad95f-0ea9-43e1-9fb4-d3312b42657a,Necklace,1297.96,5,SAVE10,Houston
2024-08-12,41e60d00-8df7-438c-b2c2-f34f86e1967b,Earrings,2497.84,5,JEWEL20,Chicago
2024-08-30,1d99295e-8325-4448-8bd9-4f97d2215e93,Necklace,2690.06,2,NONE,Phoenix
2024-08-06,746ecd61-4232-4e27-811b-ff4505cd3855,Bracelet,4343.86,3,JEWEL20,Phoenix
2025-05-20,96d5ff48-1538-46f4-98aa-c0e1c6a4e3ed,Earrings,3946.42,5,JEWEL20,San Diego
2024-07-27,f88597b1-b913-42eb-aed4-62ad5e6ee8aa,Ring,3372.42,3,JEWEL20,Chicago
2024-10-15,16017091-fbb8-4804-9521-7593431ceda1,Earrings,4566.61,1,JEWEL20,Los Angeles
2024-10-10,59df1924-a6b5-4961-a773-c9d543c11c98,Bracelet,2582.0,4,JEWEL20,San Diego
2024-11-08,b06a4f7a-2c2f-431e-91ef-6c5fd97a4947,Bracelet,885.56,1,NONE,Phoenix
2025-05-16,7617eeb1-6b5d-4c2f-8ee7-8b515bc73700,Necklace,4103.09,5,NONE,San Jose
2024-08-13,5d89ab65-b2c5-424b-8737-bd6fab1e77f8,Anklet,650.91,3,NONE,Los Angeles
2025-02-04,6eaf1d73-6b4b-46b6-a7df-ec3a74a990eb,Ring,4017.46,5,DISCOUNT15,New York
2024-10-06,8871fbaf-eba4-462a-a886-0539d8fd821f,Necklace,812.32,2,SAVE10,San Diego
2024-06-26,d9262307-66a9-4c3b-baf2-6db383ecac78,Anklet,2499.1,5,JEWEL20,Los Angeles
2024-08-02,395ddfd7-fd3f-42b5-b720-cc54594cefc7,Necklace,2696.37,5,JEWEL20,Los Angeles
2025-05-03,76b8cba1-8395-4d28-9a6e-ed0e75af4a2b,Pendant,1993.18,2,DISCOUNT15,San Diego
2025-02-13,3fafc5a4-5ded-49ba-b107-4f5742f1d97b,Necklace,3091.39,2,SAVE10,Phoenix
2024-09-05,a8cbd34a-fe37-4ab6-9107-09c5560bce84,Bracelet,1798.2,2,SAVE10,Houston
2025-05-05,ba9be017-9318-4ec5-9596-a1001c7a4ba4,Anklet,3111.87,5,JEWEL20,San Jose
2025-05-10,9f1cb77a-aa80-4bbb-89de-058fca68dc01,Earrings,1658.92,5,JEWEL20,Houston
2025-05-19,b766fc25-2590-4dbc-8012-135b1725f22f,Bracelet,2274.73,4,NONE,Phoenix
2024-11-15,e1290d77-e618-4429-bac5-7e752a147322,Necklace,3993.74,3,SAVE10,Dallas
2024-05-31,e4c02f5f-e12b-4404-84fa-0a19c300f03f,Necklace,1260.71,4,JEWEL20,Phoenix
2024-08-17,444e7641-6faa-47eb-8eee-8ba94d83dd2f,Pendant,4473.55,5,JEWEL20,Houston
2024-08-14,2f0750a3-2df3-409b-94be-a5639c91c5b6,Bracelet,2835.7,1,NONE,San Jose
2024-08-26,f5bfd000-f7ce-4f06-b0bb-f6c14688135e,Earrings,3179.07,3,FREESHIP,San Jose
2024-08-18,9dfee7b7-67a6-4ca9-8a60-52e3785115e4,Necklace,2807.07,1,NONE,Los Angeles
2024-10-15,cbb64bfc-7519-4bdf-ac98-07bccc3fecc2,Anklet,2098.4,3,SAVE10,San Diego
2025-04-09,24bfafe1-bebf-4360-a3b9-29f3f45dc167,Bracelet,3221.45,2,SAVE10,San Jose
2024-06-05,df4f4d2b-040f-4763-a0ab-23cb8ff27d68,Earrings,3664.22,3,DISCOUNT15,Phoenix
2024-07-19,7a097b31-d4fd-45b9-a568-9acaac1f9c41,Necklace,489.99,2,SAVE10,San Jose
2024-10-16,52b06212-3578-4b2d-843f-49d2beb858b9,Anklet,1036.06,3,DISCOUNT15,Phoenix
2024-12-05,bf3b0f45-c986-4e0e-bc26-2444b90df736,Anklet,4258.62,2,DISCOUNT15,Phoenix
2024-12-28,91040739-7d90-4039-90fb-7f68ca3c128d,Ring,2254.59,5,FREESHIP,Dallas
2024-09-28,d851f614-3e14-4778-a0aa-183ef30b55c5,Bracelet,1802.5,3,JEWEL20,San Diego
2024-10-24,43e1e8cc-8526-446b-a469-f74a83240a05,Earrings,2419.5,2,SAVE10,San Jose
2025-01-02,110f23ff-dc73-4ca7-a3d3-77f3a5f79067,Necklace,1105.6,1,NONE,Dallas
2024-09-29,3c05b515-2b23-4565-8651-f26a41a442b6,Ring,1652.33,5,FREESHIP,San Diego
2025-02-24,43568f37-71b2-4119-aff0-f19a82038225,Anklet,3202.72,2,JEWEL20,San Jose
2024-07-07,4ea556d0-a9de-4d26-b405-2c2e848e8980,Ring,212.76,2,SAVE10,Chicago
2025-05-01,519384ea-c0c4-4fd5-af22-2b06d4ae8deb,Pendant,2636.08,4,JEWEL20,Phoenix
2025-05-11,15b114ef-71a2-4349-b6f1-fe18a98395e6,Pendant,4860.41,4,DISCOUNT15,San Jose
2024-10-24,e7aa7f25-3687-49c8-aea9-844fc20951eb,Ring,4241.99,2,NONE,Los Angeles
2024-12-30,e0bd96cc-ed65-4e0c-bb9c-c2e07a7d96d2,Bracelet,4270.67,4,FREESHIP,San Diego
2025-03-23,bf85ab0a-570a-429a-839d-f92c7ba974fe,Necklace,1577.52,5,JEWEL20,Chicago
2024-09-03,90d33c1e-cb2f-4f2b-93d4-96567e5cbb8b,Pendant,1133.38,1,JEWEL20,San Jose
2025-01-06,66d69381-5594-429f-bb9e-a3a2e9d9fc45,Earrings,2739.48,5,FREESHIP,Phoenix
2024-09-11,d405ca77-a507-4417-bc05-2719740aae36,Ring,2957.81,4,FREESHIP,San Jose
2024-11-10,50293b6c-461f-4b1b-8541-50b2ddac913f,Anklet,1952.96,1,NONE,Phoenix
2024-06-27,dcf50d24-42c7-49e2-aea5-ff7ede133895,Necklace,3556.13,5,SAVE10,New York
2024-08-18,e8f00fe8-5b8e-4f8e-b962-d13da265a6e6,Anklet,703.48,3,JEWEL20,San Diego
2024-12-19,3a06abae-c30d-4ea6-b113-11ec55d2d502,Necklace,2058.69,5,NONE,New York
2024-06-30,24c4b69d-7d42-4e39-a00b-7c4117af3ce8,Earrings,1796.03,5,SAVE10,Chicago
2024-06-04,1574ddfd-4aa8-4c7f-8a16-fc1050aeda44,Anklet,1361.67,5,FREESHIP,Phoenix
2024-06-29,ca717196-5377-408f-8802-ded54cadd009,Ring,2948.89,2,NONE,Los Angeles
2025-02-15,cf1936d3-20a0-4a6d-b205-cc3dc8e83503,Anklet,2319.87,2,DISCOUNT15,Houston
2025-04-27,2111a34a-32e5-473d-8211-8a7d354be318,Pendant,1923.86,5,NONE,Chicago
2024-07-08,92b8f6d6-8bc5-4613-8eee-1151838585b6,Bracelet,1228.21,5,DISCOUNT15,Dallas
2024-11-09,9d3a1e5d-848d-4c9b-9169-636b4c3a76a3,Bracelet,2320.01,5,DISCOUNT15,San Diego
2024-10-23,c6266a41-35d4-4545-a8ca-69fbfce7f3f5,Pendant,4055.88,4,FREESHIP,San Diego
2025-04-27,82fd726b-8f43-467d-8170-347ee9511dea,Earrings,281.23,5,JEWEL20,Los Angeles
2024-10-17,71b99bb5-c8d8-4b70-86e1-fce758da67bd,Necklace,1594.55,2,FREESHIP,San Diego
2024-06-14,e740cd6a-18f1-47cb-a296-855d40c1b3d3,Pendant,4520.28,4,NONE,New York
2024-09-05,ae4ed51a-a872-4d6a-b04f-ceff8bf8f323,Necklace,2042.59,3,SAVE10,Los Angeles
2025-04-02,c959e7a6-0cdb-4741-b35c-73371f7e891e,Pendant,3571.65,1,JEWEL20,Chicago
2024-10-20,98961410-6ddf-4379-8ab4-8cf918f32666,Anklet,4147.68,3,SAVE10,New York
2025-01-06,20326e61-d1f0-433e-8fc3-c26a0d913a56,Necklace,4722.97,4,DISCOUNT15,Chicago
2024-06-04,a4fcd956-9e7f-4f2b-9282-7ffe48e12814,Necklace,2806.7,3,NONE,Los Angeles
2025-02-18,ee5f8f9c-0f92-4be9-86c2-6f0302d5a75f,Anklet,2540.09,5,FREESHIP,New York
2024-06-19,137cd1b9-1ddb-41c0-8c96-1180c1ce4d5e,Anklet,1246.89,1,DISCOUNT15,Chicago
2025-01-26,b86fd5bc-7552-41fa-8a6b-6c7f2b689943,Bracelet,4014.05,4,FREESHIP,San Diego
2024-09-25,becfc943-ddbd-4ac8-9e77-3f439d26f16c,Earrings,4197.36,3,SAVE10,Los Angeles
2025-03-13,19a59f33-7484-4338-9503-182db2a9c9d3,Ring,1999.83,4,SAVE10,Phoenix
2024-07-20,a436b53f-28af-4287-b0b6-c63ffa41caa3,Ring,3296.92,5,DISCOUNT15,New York
2025-02-07,45f26b40-2308-48ba-b3b2-9edbb7b86856,Necklace,1936.47,5,NONE,Los Angeles
2024-07-11,ad21ff8c-52d1-41af-b5c2-1d082ad148b0,Ring,2234.57,4,JEWEL20,Dallas
2025-03-24,925e33a1-b58f-482c-963e-ec493f150db6,Ring,3695.08,2,DISCOUNT15,Phoenix
2024-12-16,7285caad-75f5-4f64-8bfb-92393427fb7e,Bracelet,1532.27,4,FREESHIP,Los Angeles
2025-04-07,e7cf9883-340f-4460-90f5-816f6db58a73,Anklet,1710.82,2,FREESHIP,San Jose
2025-01-06,a2fcecdf-e573-4395-895c-49ac8bba7d75,Necklace,1785.3,4,DISCOUNT15,Phoenix
2024-06-11,3d052d9f-6910-49aa-ba98-a849d05fef2a,Necklace,1458.53,1,SAVE10,Los Angeles
2024-12-18,81c90c11-2d6a-4ede-b764-987a9294e439,Anklet,3861.18,2,DISCOUNT15,San Jose
2025-01-29,6de3e649-d728-48a0-8917-a14592737395,Ring,950.08,5,FREESHIP,Chicago
2024-10-21,23ffd20c-116d-46d2-a31f-6c7640f7eaa8,Ring,4547.79,1,NONE,New York
2025-01-29,e4f85abc-7190-449f-be4d-2e92eee01dc1,Anklet,233.63,4,DISCOUNT15,San Jose
2024-06-05,55b10b63-e02a-4f07-8ae9-de01ff46f4db,Earrings,4386.43,3,JEWEL20,Los Angeles
2024-06-12,51eda076-1bc9-4ffb-8bf0-1ab4b7240b23,Necklace,2595.34,4,FREESHIP,Houston
2024-12-17,b1fd3612-7d99-49fe-8714-f6265d6cf3b7,Necklace,1287.66,4,SAVE10,San Diego
2024-09-03,75a86e47-ecc9-4927-95a8-a600174f9180,Ring,4751.23,4,FREESHIP,New York
2024-10-23,ba82036e-3384-4cdb-9232-741d03501e35,Anklet,2165.99,3,JEWEL20,New York
2024-09-03,0238c163-0f18-421f-9468-5e123636506a,Pendant,338.09,5,DISCOUNT15,Dallas
2024-12-31,5278ca64-0219-45d9-bdbb-c9726ffbe880,Earrings,4066.85,3,JEWEL20,Houston
2024-12-11,461a0463-11b3-4a30-95f6-35fa528dc885,Earrings,170.54,1,SAVE10,Chicago
2025-05-01,943f54ec-7cc9-4025-8d6c-bf1b23495d74,Pendant,480.91,3,NONE,New York
2025-04-12,7562cf46-1e25-4daa-abc1-cabaecc8d63d,Bracelet,1500.34,4,JEWEL20,Dallas
2025-05-09,6adbf3f2-1077-41df-b5bc-b9cf0d566214,Necklace,3391.05,3,SAVE10,New York
2024-06-20,408aedb9-5c55-440f-88ff-e924a81b97e9,Pendant,673.8,5,DISCOUNT15,Los Angeles
2024-11-04,b0e9f1dd-66f2-40cb-be87-5499108792af,Anklet,526.19,4,JEWEL20,Los Angeles
2024-06-07,23ebf798-e139-4b95-9e52-736535803c55,Earrings,2127.22,4,SAVE10,Houston
2025-02-25,42bee12e-ffd7-49d5-a233-0c02c0ec90b4,Anklet,2906.41,3,JEWEL20,San Jose
2024-09-08,1d8e5dc4-bf97-4814-a180-254ccb2e67dd,Pendant,2429.44,4,SAVE10,Los Angeles
2024-10-25,89bb0b4d-903e-480a-97a1-c9fe3be6351a,Ring,3392.29,3,DISCOUNT15,New York
2024-11-11,2ef093e9-0f59-433d-a8f4-6273d6c5bea9,Earrings,2010.2,3,SAVE10,New York
2024-07-27,a179522b-a0c1-44e8-8cc0-5bdb22b5b26b,Pendant,1197.5,2,FREESHIP,Phoenix
2025-01-13,8bebbf57-ade0-4982-999e-b27d298d09ab,Anklet,1137.9,3,SAVE10,San Jose
2024-11-26,273f0f83-e83f-402c-9ffc-68b87e20bb66,Necklace,3114.44,2,DISCOUNT15,Phoenix
2024-08-04,b3f833b6-e244-401c-bba2-a70adba1056b,Earrings,3442.74,4,NONE,Los Angeles
2025-02-22,bdcc9d1f-be07-4c5d-b602-b1c93eaf3243,Necklace,4920.1,1,SAVE10,San Jose
2024-08-19,3fc15b69-1c67-4a5e-8822-cca120ca66f9,Bracelet,287.23,2,SAVE10,New York
2024-09-13,4e89c13d-013d-44c5-90a4-fffef80782fd,Earrings,2390.95,2,DISCOUNT15,Los Angeles
2024-12-01,7a3d52f4-d90b-45a1-ad7e-c7e05f796197,Pendant,2458.83,3,NONE,Los Angeles
2025-02-20,249a8041-a92c-46d6-9cae-3e1ecbc51ca3,Ring,3436.97,2,JEWEL20,San Diego
2024-07-08,7c6be83a-9b97-4a80-a675-69204c66d4e5,Pendant,1415.81,2,DISCOUNT15,New York
2024-08-27,d49373fd-3dca-448c-98e7-dbf99f11b60a,Pendant,340.97,2,NONE,Dallas
2025-04-13,7de5eef6-33f3-4d46-b188-cdae192e0ebf,Bracelet,3111.39,4,FREESHIP,Phoenix
2024-08-15,6287c497-daf8-4ec3-8404-9f3d2c4cea7b,Anklet,4377.17,5,NONE,Houston
2024-10-25,ade8d19f-41d3-41c2-a819-6f51f7d504c8,Earrings,1418.0,4,FREESHIP,Phoenix
2025-01-28,6b630dc8-8119-4779-abe4-3a20e0064cc3,Anklet,4388.15,3,SAVE10,Dallas
2024-06-15,a4f831ab-ca67-4f99-9175-b88fa4e780cb,Pendant,3605.09,2,FREESHIP,Houston
2024-06-26,7826e3d7-ac68-4761-ae78-f510dceb95b1,Pendant,3518.75,5,FREESHIP,Houston
2024-09-08,c1327137-b112-418f-a779-f71a93e4c95d,Necklace,2643.91,5,NONE,Chicago
2024-06-04,45ac52e3-5ce3-4317-936e-b385a753147c,Bracelet,4942.9,5,FREESHIP,Phoenix
2025-04-19,46e2abdb-b19f-42a2-9a51-ad98e021f089,Anklet,3110.76,2,SAVE10,San Diego
2024-07-29,2b4f3197-4121-4f06-8583-180c18e90e60,Necklace,369.89,4,FREESHIP,Chicago
2025-03-16,86cd2945-92fb-412d-84c6-7831e20991d3,Pendant,4707.86,2,SAVE10,San Diego
2025-01-08,da4e44b0-ca07-45b4-a65e-0fb4e800062b,Anklet,4801.86,1,SAVE10,San Jose
2025-03-16,91c734e6-3772-4e7b-acc1-b5f98d22a967,Pendant,508.41,3,JEWEL20,Houston
2025-03-09,af4b8e9a-a5ae-4123-9e2f-c176fb8b89b3,Earrings,3407.55,4,NONE,Los Angeles
2024-05-27,286b8e02-e413-487c-948a-0f89ee4bfac3,Necklace,4838.27,1,JEWEL20,Phoenix
2025-03-10,5cfa0dbf-95b7-4064-acb4-ad9c801cce60,Pendant,919.97,3,FREESHIP,Los Angeles
2025-01-29,dbc0bfc9-34d6-43a4-b2dd-cc3c8a6f4c30,Necklace,2076.14,3,JEWEL20,Houston
2024-06-01,a7659e55-4795-4e69-9982-16aae7691549,Ring,465.23,1,NONE,New York
2024-06-28,cf493cbb-96ea-4b2c-9f56-4fc0dd8766de,Necklace,300.59,5,NONE,Dallas
2024-11-09,cc81326a-29b9-4d31-97f1-053560d7c0b0,Earrings,1345.43,2,DISCOUNT15,San Diego
2025-02-16,ccc075e3-68b0-4ef1-a4ef-e819800c1587,Pendant,3943.37,1,DISCOUNT15,San Diego
2025-03-24,7bc4c4c9-4114-4968-8e20-b15d9a60ce14,Earrings,1071.17,5,DISCOUNT15,Chicago
2024-12-20,7177591b-e494-44d1-a6a9-4c119dcae8e8,Anklet,2799.65,2,NONE,Chicago
2024-12-14,d3e9d181-42be-46a0-8c35-a76cc57234d6,Anklet,2454.73,4,DISCOUNT15,New York
2025-05-01,1167e38e-4c05-453c-a54b-bc73b7db66e5,Earrings,2705.93,2,FREESHIP,Chicago
2025-05-14,4a8f170e-e7b7-4348-9168-d9df90748255,Bracelet,155.28,5,SAVE10,Los Angeles
2025-01-20,9443a435-5348-4f52-8008-9d48f97ed870,Bracelet,3531.62,1,DISCOUNT15,Houston
2024-12-03,ec8e7885-eb8f-42ec-902b-4e276f807c13,Anklet,3775.83,2,JEWEL20,Los Angeles
2024-06-20,06b6168b-a849-44eb-8d62-33ed88e5cfdc,Earrings,886.51,1,SAVE10,Chicago
2024-12-14,bab20869-42c9-4547-b5d3-5bbd3affb41a,Anklet,3680.92,4,NONE,Phoenix
2025-03-03,1ee9c464-4568-46f1-93af-0d42a4f2212a,Ring,1312.07,3,NONE,San Diego
2025-03-21,1c894244-8240-4fe2-a36d-ecafc2cee8ce,Earrings,273.69,1,NONE,San Diego
2024-10-12,ff0fa131-0d70-45a4-9cdf-bdce0f277083,Anklet,4526.97,2,SAVE10,Phoenix
2025-03-21,f235ee06-488b-4c2c-a354-eb44d0c09f6a,Anklet,687.14,4,FREESHIP,San Jose
2025-04-08,710f20e3-21c2-4ca8-8c4b-e0f2962b1f67,Ring,1440.57,5,DISCOUNT15,New York
2025-03-29,22d4f538-8b53-4fbd-a79c-03d11e6af3e9,Necklace,2285.54,4,FREESHIP,Houston
2025-05-21,7848c455-1197-4982-b854-9e06d6cfeb11,Pendant,3900.59,2,NONE,Chicago
2024-12-06,bf117f81-dc0a-49ec-bb93-17aa5cb9bb53,Ring,4534.94,3,SAVE10,New York
2024-09-21,028ca5ec-8016-4477-9811-a8a3bcf13253,Earrings,3008.99,1,DISCOUNT15,Houston
2025-04-25,9d8793df-d8f9-4f4c-9fbd-62767ba268da,Pendant,3167.66,2,JEWEL20,San Jose
2025-03-07,7f9f5d2e-1245-4e02-a5bb-537a8cafb21f,Anklet,4571.48,4,FREESHIP,New York
2024-07-19,24e08cf7-81a9-401f-b986-fd2784462b3f,Bracelet,2022.55,4,SAVE10,Houston
2024-06-27,3939ff2d-ed59-474e-abae-0c29d2457625,Necklace,2619.41,5,DISCOUNT15,San Jose
2025-02-20,a7be9a01-f719-4c1f-a492-737741cc37a4,Ring,1570.47,5,SAVE10,Houston
2025-03-12,a85ad983-eb4d-4464-bc65-4eaec5c9bdb6,Anklet,65.95,4,SAVE10,Houston
2024-12-07,ad08c7c7-1d3c-47ef-96fb-d663e624c255,Anklet,2758.15,4,JEWEL20,San Jose
2025-01-15,a7c5c053-d65d-467d-88f3-3d1dacf1c15e,Necklace,1408.55,5,DISCOUNT15,Houston
2024-12-24,cf14f1b6-2969-46af-a1a4-76e1edb09e2e,Ring,4637.25,2,NONE,Houston
2024-08-29,7bcfd7a7-b2f7-49ba-b4a2-6e0bb2853cd0,Ring,981.64,2,NONE,San Jose
2024-11-07,4ebe6d46-6bae-4c5e-ba06-ddbb802bbde6,Pendant,1858.2,1,NONE,San Diego
2025-03-23,b9a1ef38-5aa6-4969-9e8f-0d83222ec660,Necklace,2543.36,3,NONE,San Diego
2024-08-21,4c316484-fd82-461a-aa59-888d88006c16,Necklace,808.27,1,JEWEL20,San Jose
2025-03-29,205184e4-7980-4f4f-a19f-3b7583a6fc4c,Anklet,3739.07,1,JEWEL20,Dallas
2024-11-26,08d1c309-5869-4681-ac08-b22d77fcc930,Earrings,2132.53,3,NONE,Houston
2025-03-24,2008c398-2acd-4b42-9538-45ac79806660,Ring,4484.94,1,DISCOUNT15,San Jose
2025-02-22,5e80e452-d434-4870-9e6e-9bf85bcedd90,Earrings,4685.13,2,SAVE10,Phoenix
2025-01-02,9f82b955-b98d-4618-b98a-245ba00ead02,Anklet,4497.43,5,DISCOUNT15,San Diego
2024-07-22,9078d565-0a2a-4dd6-b725-7a2c6391d521,Necklace,3431.56,3,FREESHIP,San Diego
2025-02-13,22d42a2c-91b3-428c-988b-b81019161643,Pendant,2008.53,4,NONE,New York
2025-05-20,b2ceed62-c2cb-41f8-a590-c1791f01fb98,Anklet,2635.31,4,DISCOUNT15,Los Angeles
2024-12-08,12e4c2e0-e702-4124-8cb7-764601fb7881,Necklace,371.17,3,FREESHIP,Chicago
2024-06-24,c464e1cb-7881-41e5-92a5-738ecd5bb3b5,Necklace,3428.2,3,JEWEL20,Houston
2024-12-09,28330544-d120-41e0-a68b-4db1ceacd4d3,Ring,3213.94,3,JEWEL20,New York
2025-05-02,77f96c6a-714b-4cf5-ab6e-94abce162270,Necklace,1353.58,4,NONE,Dallas
2025-03-24,57644f81-ebd9-40bf-b67e-189923798461,Bracelet,1783.29,5,SAVE10,Los Angeles
2024-12-24,daba2fde-9700-4fad-b5ce-492352564563,Earrings,4695.55,4,FREESHIP,Chicago
2025-03-05,d0b8e3d0-2fc5-4fd3-8368-68b9c7d6faab,Anklet,3703.16,3,NONE,San Diego
2025-02-27,0f1670bb-cbeb-4d59-b4f4-65f5f00b9348,Earrings,4125.72,5,JEWEL20,Phoenix
2024-06-04,82da624c-8f67-4c70-a3f5-d6bb655557e8,Bracelet,1178.95,1,FREESHIP,Houston
2025-03-15,b59e5aab-d1c3-4527-84b4-1af4bb97c3dc,Pendant,4057.04,3,FREESHIP,Los Angeles
2024-12-31,b61ce0e8-c9f0-483f-b9e4-48b68fdfb0ad,Necklace,3921.69,4,DISCOUNT15,Chicago
2024-12-29,c5e42e8b-91c8-4f07-96d8-e91b8137c024,Necklace,1653.06,2,DISCOUNT15,Houston
2025-03-31,902476df-c806-469d-8763-cf0a4c81097f,Necklace,1576.77,3,JEWEL20,Los Angeles
2025-02-03,41dfd4f0-4803-4bfa-a2fc-39421f01bc07,Bracelet,1987.65,3,SAVE10,Phoenix
2024-12-10,ddd161b1-8980-4c8d-9a61-4595b753bce6,Anklet,469.0,2,JEWEL20,Los Angeles
2025-04-21,53fdbfc0-e39c-4eb3-b829-58b220bbec00,Pendant,3674.2,4,SAVE10,Houston
2025-02-22,a72862d4-5e2f-4e4c-bb47-0e9cdd720540,Earrings,4841.81,5,SAVE10,New York
2024-07-23,a39be039-6037-4c9b-9d2e-f1c7b1d8f29c,Ring,1905.13,2,NONE,San Diego
2024-09-04,e57fc825-7246-45bf-a75c-cd1c660ef754,Earrings,1769.04,5,FREESHIP,Chicago
2025-02-17,826368ee-4b93-4f19-bd92-5dc698434b2b,Anklet,4436.07,1,FREESHIP,San Diego
2024-11-08,c94a22cd-e6a3-4d5a-a9bf-f315e159e8fe,Pendant,1625.99,1,SAVE10,Dallas
2025-02-09,ef872471-6553-4fea-997c-94c04c6e8952,Bracelet,4653.61,5,SAVE10,Los Angeles
2025-03-06,c4f5abb5-4670-46dc-8321-734294df3735,Ring,3393.2,3,NONE,Los Angeles
2024-08-21,84eb1fe0-e80c-4a02-b673-14ebf93dce76,Bracelet,2021.19,1,FREESHIP,Los Angeles
2025-03-05,7669dc6f-f18e-46b9-b7d3-4873e10a124c,Ring,3088.62,3,NONE,San Diego
2025-02-03,57de3f8e-8470-4184-83b5-64d2d8b31955,Anklet,607.23,4,DISCOUNT15,Dallas
2025-05-03,1789939f-7822-4599-bff3-4fe8d0ff603f,Bracelet,1790.73,4,FREESHIP,Phoenix
2024-06-03,af86578d-11b4-45a4-80dd-ccf3b6abda52,Pendant,3609.36,2,JEWEL20,San Diego
2024-07-11,31d20d94-8575-47e7-be02-322ab2bb3ac2,Bracelet,2272.23,4,DISCOUNT15,San Jose
2025-01-22,cb72143e-628f-4ec8-9f4d-a1d175fc8ece,Earrings,102.89,1,JEWEL20,New York
2024-10-20,48c5fb91-7c43-4ed9-9cd8-7bb4fb3efaf1,Ring,2451.79,4,SAVE10,Dallas
2025-01-30,42c9568c-481d-4478-8d7c-3139f29d68cb,Anklet,2568.62,2,DISCOUNT15,Dallas
2024-12-10,129c609b-ebc4-4486-b7f0-1785edf0f26b,Earrings,4839.22,3,JEWEL20,Phoenix
2024-12-03,46223190-8092-4019-99a3-f040e78d9ef8,Pendant,1489.3,3,SAVE10,Dallas
2024-08-17,4d3d622b-9cd1-49c9-94e7-5ed5886cb02c,Pendant,1270.61,5,FREESHIP,Phoenix
2024-05-31,fcc78a61-7797-478f-aacf-3d2b4ed42c59,Pendant,1460.81,4,NONE,New York
2024-08-02,fadc832d-9aaf-4cbb-84e3-5d818335e2c1,Bracelet,2102.93,5,NONE,San Diego
2025-03-11,08be537f-8eda-4f52-8be5-973ce9d3b5b2,Earrings,1712.3,3,JEWEL20,Los Angeles
2024-07-01,143a1a69-1b3b-474a-af7c-feea10ebb391,Bracelet,3761.92,1,JEWEL20,Houston
2024-11-28,4c7bca6a-f7b3-437e-ad7f-42bf857b375e,Bracelet,4978.05,4,NONE,Houston
2024-08-19,dbdc7510-d1e8-4186-b8a3-8223232ea540,Anklet,4931.92,2,FREESHIP,Houston
2024-11-12,53bbc805-640f-4b7c-bc27-25a81a2d7df7,Anklet,1745.37,4,DISCOUNT15,New York
2024-08-23,455320da-46e4-4ee2-a9e7-66763bc3cedd,Bracelet,1154.16,2,DISCOUNT15,New York
2025-02-25,63ed002a-2ed3-44c1-b32b-d82499b84ea8,Earrings,2335.06,5,DISCOUNT15,Phoenix
2025-04-23,f2eabbd1-e397-462d-a1e0-a9d28db0f6be,Earrings,381.97,3,SAVE10,Phoenix
2025-04-12,a8277c12-2bea-40a7-bf5b-054c0f65f5ae,Bracelet,4709.05,1,SAVE10,New York
2024-08-28,bde9c42a-562e-418c-9c84-576a1b7611cb,Earrings,4885.35,2,DISCOUNT15,Houston
2025-02-14,f5bd3f14-4b39-4ef7-9b6a-23e128ec27f5,Necklace,1670.73,3,DISCOUNT15,Phoenix
2024-08-20,823c907c-ef8e-44f9-a5e3-2d11783533a2,Pendant,3852.45,5,FREESHIP,Chicago
2024-11-06,31080acf-b938-46c9-bd9b-ba244fa9333f,Earrings,569.14,1,NONE,Los Angeles
2025-05-03,7b5d8d6c-bc8a-4090-aa11-65d8c9905c0e,Anklet,4332.88,2,JEWEL20,Dallas
2024-11-05,9a0ead10-0999-403f-b389-d94c0aa61954,Bracelet,4810.27,2,JEWEL20,San Jose
2024-06-03,2303b5b7-730c-4308-8ce2-b078e0bf7491,Necklace,3722.92,4,FREESHIP,Phoenix
2024-09-16,810dc240-ccf1-4f4b-9b0e-bdc77f2b7b67,Necklace,4915.71,4,FREESHIP,San Diego
2025-01-13,60fe9c7e-88bc-4ec9-871d-1e2ef1fb7a6e,Anklet,2326.33,5,SAVE10,Dallas
2025-04-11,beff8ab0-9c17-461b-9a40-95d27366b816,Anklet,3134.83,1,JEWEL20,Chicago
2025-01-31,987c5ab7-7a57-4703-bd2d-c2caaf4265b1,Anklet,235.93,2,JEWEL20,San Jose
2024-12-05,fe0c503a-4230-4007-8a99-519f74e1920e,Ring,2807.11,4,SAVE10,Chicago
2025-05-18,a5957ef5-3545-4cb4-a39f-e263b9354750,Ring,498.74,5,SAVE10,Dallas
2025-04-18,0f550d91-10b9-4974-a33c-5d463f5f6bd6,Earrings,60.52,1,FREESHIP,Los Angeles
2024-05-31,13fdf688-7d35-45a8-9038-d1f3c01844bf,Anklet,450.83,1,SAVE10,Los Angeles
2025-02-03,2556200b-5eb0-44e5-8499-561f3d8e7578,Necklace,4036.35,5,DISCOUNT15,Chicago
2024-10-19,dac23345-27fd-4a89-aa79-4226f273a33b,Pendant,2165.69,5,FREESHIP,San Diego
2024-06-08,cdf485df-ce25-4e5c-a066-484df81ecb58,Necklace,2478.28,4,JEWEL20,New York
2025-05-05,a338deb8-5bd1-41d5-8312-e0c44a29332f,Earrings,2887.08,2,SAVE10,Houston
2024-12-01,aaa835f5-5f9c-455a-98c9-e6573a5f5a45,Bracelet,4748.56,1,NONE,Los Angeles
2025-04-03,27cd296e-8cc6-45c4-a82f-631df17f8af7,Ring,1536.31,2,JEWEL20,San Diego
2025-05-19,e2a27d48-b68e-488b-8a42-c8e039f52025,Bracelet,142.83,5,NONE,Los Angeles
2024-08-02,96d3df59-db0b-4b96-b326-f80448cee1bc,Ring,1496.46,3,SAVE10,San Diego
2024-08-21,28bd98c6-2041-4ace-bce8-1f7bebd9822c,Necklace,2358.07,3,JEWEL20,San Jose
2025-04-06,6a96da28-5379-44e2-9e13-c69bc1fce37a,Pendant,2274.48,3,DISCOUNT15,San Jose
2025-03-15,7eb758ed-3a5b-45ef-8882-08dbb3bff637,Anklet,3948.2,2,FREESHIP,Chicago
2025-03-23,181d4903-4a43-4432-995b-62c50586d005,Earrings,2303.8,3,FREESHIP,San Diego
2024-12-02,c2545dc7-9473-48e6-9ef3-76962689bf26,Ring,1424.23,2,SAVE10,Phoenix
2025-01-21,a99d1d54-8496-4cdd-91ba-a9bdc9ae970f,Anklet,2882.84,3,FREESHIP,San Jose
2025-02-26,fb5c8fb5-73ac-4078-a2ba-8308bb5c863e,Earrings,1681.25,2,FREESHIP,New York
2024-09-25,1c5b16c5-67f7-4eef-a6f6-dde593730a11,Earrings,2626.48,4,NONE,Los Angeles
2024-06-04,ed924c1d-3869-4cd1-93c8-c657f2716163,Anklet,3022.95,5,FREESHIP,Houston
2025-04-22,e9fd1767-1c46-40a1-bcf5-8e0df7e0d410,Necklace,4043.02,1,FREESHIP,Chicago
2025-01-04,2a7c866e-c214-4570-a546-677150a1398a,Anklet,2456.83,1,DISCOUNT15,Chicago
2025-05-22,8a34e221-f816-4f5b-817a-ca1e7c1d6310,Earrings,1792.96,1,SAVE10,Los Angeles
2024-10-01,3f8e7f4e-ecc6-400a-928e-3aac2471a322,Necklace,3964.52,5,FREESHIP,Houston
2025-04-09,c1da8cb7-8cd3-45d7-9d94-fdced8f31b90,Earrings,4758.67,4,JEWEL20,Dallas
2025-01-07,670ffa75-1db0-4408-9439-871511f3de8f,Earrings,313.73,4,SAVE10,Chicago
2024-12-24,f6af85c3-7822-4d4c-9862-0bd26ed78dba,Earrings,1383.41,1,SAVE10,San Jose
2025-05-07,f3000301-f421-4885-9d95-5163c48b6334,Earrings,3135.32,5,SAVE10,Chicago
2024-07-10,1ad22de9-5d23-45de-bf3e-c23ead9216fc,Anklet,790.53,2,JEWEL20,Los Angeles
2025-03-07,231678fb-00aa-42c6-8e7c-d7d3ebfacc21,Earrings,969.76,1,SAVE10,Los Angeles
2025-03-07,f702b5c6-3603-4ec7-ad04-3d6f688cf94f,Bracelet,2048.5,3,NONE,Houston
2024-12-03,1e681b82-8e7a-4d27-8586-c72011196680,Anklet,1524.7,1,NONE,San Diego
2024-07-09,565bde20-011e-4b46-91de-5bedc1cd9ebf,Pendant,2780.2,1,SAVE10,Phoenix
2024-11-08,31ac897a-db73-4f9f-9c3c-6834ea0fba9b,Earrings,3199.9,4,FREESHIP,San Diego
2024-07-21,7d833344-50f4-4929-b84d-3e4a62d79e7f,Bracelet,1333.49,1,FREESHIP,Phoenix
2025-05-12,5dfeb39d-e224-4708-b005-189dd0e5ed7f,Ring,2997.6,2,FREESHIP,San Diego
2025-03-07,bcdba879-2de2-44d0-831d-ed799f66cc67,Earrings,2283.07,2,DISCOUNT15,San Diego
2024-11-03,54a00ff8-9b72-4dcf-9c04-47433d2e4785,Pendant,2948.08,4,FREESHIP,San Jose
2025-02-11,83963d24-cba4-4132-a54c-7b455580a4f7,Pendant,3640.84,5,JEWEL20,San Jose
2024-07-08,b4f20f68-5688-4ffc-8136-1b6a26792839,Bracelet,2115.57,3,NONE,Los Angeles
2025-03-08,b6c17938-0d07-4b2c-af74-d658d145239b,Necklace,2449.53,5,NONE,Phoenix
2025-05-08,1b054970-697c-4071-ab2e-0720dc13f198,Earrings,3787.4,4,FREESHIP,San Diego
2024-10-01,34ecbc8a-c217-4d20-85e1-e85c24e9ced3,Ring,3232.96,5,FREESHIP,New York
2025-05-04,acf68fe7-2771-40d2-97b3-4ffd9b8344ac,Necklace,1815.12,1,DISCOUNT15,Phoenix
2024-07-29,b566a43c-c1cb-4266-ab1e-c5474fda0df1,Necklace,1697.02,1,SAVE10,San Diego
2025-03-14,69d3b931-a235-4414-bce1-a12182907c02,Pendant,4409.72,1,SAVE10,Dallas
2025-02-22,29be1de3-c34d-486e-ad13-45333f830a99,Necklace,1544.46,4,SAVE10,San Jose
2025-05-14,515fe953-76af-47fc-ad4f-6b282b8d2eae,Anklet,653.61,3,SAVE10,San Jose
2024-08-25,b5e9c197-4453-4c19-b7ce-b001953f0fef,Ring,4713.13,3,SAVE10,Phoenix
2024-12-02,8b455da9-93dc-44cf-b513-b22a322da7af,Ring,546.21,1,DISCOUNT15,San Diego
2024-11-16,6b2fa52f-4177-4363-acc5-408a84527526,Ring,1816.03,2,DISCOUNT15,Chicago
2025-04-10,be90b400-2f4d-44b1-aa46-4d92b2a5c111,Ring,3973.75,2,SAVE10,Phoenix
2025-03-30,ff51208b-c9f8-44b5-b513-f921c4643ce0,Necklace,2881.35,5,FREESHIP,San Diego
2024-12-08,8fb2608a-3e25-46e0-977f-e601f4c86fdf,Earrings,347.36,3,FREESHIP,New York
2025-05-27,35b168d3-721c-47c9-8ad8-614cbf79a7eb,Ring,1728.07,5,JEWEL20,San Jose
2025-01-02,6c7c5b1b-5a32-4345-9122-a1456651fc99,Anklet,3890.63,4,JEWEL20,Dallas
2024-07-20,b8d3a915-d7c9-4ecb-a4ed-4e1f8981177c,Earrings,244.72,4,JEWEL20,San Diego
2024-11-29,e760ba18-1588-41f1-a87a-972b21cc5b37,Ring,2827.83,5,JEWEL20,Phoenix
2024-12-11,635d4a42-e150-4ed0-a82c-5c2551b2a079,Bracelet,3104.38,1,NONE,San Diego
2024-10-19,0ca366a9-00f8-46cb-9c28-5410841ebcdd,Ring,4857.11,3,NONE,Chicago
2025-04-03,ccb81d9f-cf06-452b-abe1-6f3a039b2669,Bracelet,2350.29,5,SAVE10,Houston
2025-03-05,aee0404d-1dce-411c-8dbe-791e238bcd91,Necklace,4315.11,1,NONE,San Diego
2024-07-10,854c8b3c-63ff-432f-91e8-fa02c79e9a87,Necklace,1196.79,2,NONE,San Diego
2024-07-27,e52fb027-d7a0-4852-ad30-0226e3672fda,Bracelet,4386.7,3,JEWEL20,Chicago
2025-01-14,b4a0b754-6d8c-436a-a626-c7c9617d3e68,Ring,1382.06,3,FREESHIP,Dallas
2024-06-14,7ce85ff5-57ff-4f31-a4d9-986865f9235a,Ring,4961.23,2,NONE,Phoenix
2025-01-04,535568ed-076b-4124-8c5a-e3ff06f88255,Necklace,2876.06,1,DISCOUNT15,Chicago
2025-02-14,7b4673bc-a275-404e-bd4f-b4d19522be64,Pendant,1823.16,1,DISCOUNT15,Chicago
2024-11-13,fdb48e13-9d2a-472c-9ff7-a25cf69f1e32,Ring,1105.3,4,SAVE10,New York
2024-10-18,007c967f-364e-4fca-bb8a-d0615dbb25e5,Necklace,984.54,1,FREESHIP,New York
2025-03-24,5fa8ba90-7537-44a3-a694-d665de544f90,Ring,4089.88,2,FREESHIP,Chicago
2024-09-26,7adda7cf-0383-43a4-948a-d292424bfa6e,Ring,833.26,3,DISCOUNT15,Los Angeles
2024-10-21,6de6aaa0-065e-4a69-aa26-98152852bd3f,Necklace,2994.68,3,NONE,Houston
2024-12-28,44ed9e20-445b-47b6-bf12-eac64ab719ff,Earrings,4468.09,4,FREESHIP,Dallas
2024-06-13,18922847-27e7-4668-90be-fba80f9f6b4e,Pendant,2827.31,2,NONE,Dallas
2025-02-10,6021e749-1567-4228-a326-2326b910e784,Ring,3998.9,3,DISCOUNT15,Dallas
2024-08-22,62af93eb-6873-4034-8f16-a0cf1af98fe9,Anklet,3802.04,3,DISCOUNT15,New York
2024-08-01,d7dc5f5a-69bb-487a-992f-1f4d9d365677,Bracelet,2351.75,3,JEWEL20,Houston
2024-08-02,997817c5-3c05-4cda-8f84-52df13f0cb30,Earrings,3003.51,3,NONE,Phoenix
2024-07-22,2eadcd88-3830-40d2-9eb2-05d30401ba26,Bracelet,4334.45,4,FREESHIP,Dallas
2025-03-13,322462ff-8711-473e-8a32-701b14de0781,Ring,4058.95,2,FREESHIP,Dallas
2024-06-23,51c108ac-bd75-4a04-b4be-97c13066c1cd,Anklet,582.71,3,DISCOUNT15,Houston
2024-05-29,62efba36-84d0-4e0c-bcff-20ca87753b1d,Pendant,1699.1,1,SAVE10,Dallas
2025-04-02,c2372d29-2980-4e57-a370-2a73f1b42b6c,Anklet,4827.35,4,NONE,Los Angeles
2024-05-31,9bbc906d-8d88-4856-9a6e-157eaacf3f63,Bracelet,4582.24,4,FREESHIP,Houston
2024-12-11,e159cb5b-aeae-4721-90d8-349d2a7edcaa,Earrings,844.79,1,FREESHIP,San Jose
2024-12-16,76e5ca5d-dc3d-40f2-ae09-da64da5adda2,Bracelet,3656.86,4,NONE,Los Angeles
2024-08-14,7bbcf045-7f58-4e9e-9de8-12d2a86615d4,Necklace,2375.95,1,NONE,Houston
2025-03-17,e945af3f-0077-462b-9d65-30f30e02fc98,Ring,1923.95,3,JEWEL20,Los Angeles
2025-01-04,cca297ca-26f8-4c10-ba7d-9478141fb36a,Anklet,4892.07,2,SAVE10,Phoenix
2024-12-18,65ac0f3c-9a7c-41a6-a0d3-389827d5eba0,Bracelet,2295.54,4,SAVE10,San Diego
2024-10-02,e879010c-2baa-41ef-bb2b-a5400003aab6,Necklace,2368.85,5,NONE,Los Angeles
2025-01-26,09d79b34-6352-4b7f-8e68-9bb2cda503b6,Bracelet,2607.14,3,SAVE10,Chicago
2025-05-09,ba30c34f-cb40-40b3-b90f-057389a80132,Necklace,1450.63,5,SAVE10,San Diego
2025-01-01,897c4ed9-9532-4607-8865-63dd3d8db993,Ring,741.66,3,SAVE10,New York
2024-09-06,86632765-72e7-4891-9229-8e8328e6628f,Pendant,3935.48,4,DISCOUNT15,Dallas
2025-04-03,c2df90cb-92d7-4d27-aa5c-ea85222d7a13,Pendant,4310.29,5,SAVE10,San Jose
2025-04-28,a3424ab9-13b5-43d4-ac5b-8bfbfa89bc5c,Pendant,3377.95,3,DISCOUNT15,Chicago
2024-09-21,5f9320c5-131f-4c46-9851-5f9e70f1a74d,Earrings,3670.86,2,NONE,Dallas
2025-03-13,b71d8f4c-861a-4f38-84fb-9ebd6fc69470,Ring,3213.35,4,JEWEL20,Houston
2024-07-25,6adb670b-3cd1-41c9-b77b-d81997af9a23,Necklace,1512.36,5,NONE,San Jose
2025-03-23,ca259322-cd63-4f18-9a5f-ac998a1c0fba,Necklace,4871.74,4,SAVE10,Chicago
2024-08-17,c65460c4-ae79-4323-af78-d6ead10cf168,Earrings,3543.69,2,SAVE10,Phoenix
2024-08-20,510bd44b-25d8-42df-8675-16be9dc6623e,Anklet,294.65,4,FREESHIP,Los Angeles
2025-05-20,5e0a4b23-0811-4531-b1a8-3c6554296932,Earrings,2770.12,3,JEWEL20,Chicago
2025-05-01,26716a3e-898b-4a6b-bffc-3d559c1bff72,Pendant,325.26,1,SAVE10,San Diego
2025-04-24,c2852c22-da0e-4e1f-8dd8-5d7afece041f,Pendant,2359.93,4,NONE,Dallas
2024-12-20,2cd019d4-f8a0-4562-b560-ba0152b8c03a,Anklet,4508.33,3,FREESHIP,Phoenix
2024-07-20,757ef048-83c4-4a10-9eff-16fb41c9aa7b,Necklace,2630.79,5,JEWEL20,New York
2024-07-10,a526d596-98f1-4bdd-b025-bd00dfedb096,Anklet,672.32,4,JEWEL20,New York
2024-12-20,801938af-74ba-4b30-86a8-2be16222cf61,Anklet,3193.57,1,JEWEL20,San Diego
2025-03-21,58b03f2e-9ee2-44f6-ac9f-d6b7c9029434,Ring,4010.32,1,SAVE10,Phoenix
2025-03-25,0f712a17-c6ea-4010-b15b-398f9fcf5d7c,Pendant,3511.96,5,DISCOUNT15,San Jose
2024-10-17,6a42ad31-d895-49cf-adee-eebcb1b44a4f,Anklet,1055.5,4,SAVE10,Los Angeles
2025-02-11,d251b66d-943f-4e30-8bd9-8690531e8654,Ring,927.38,1,SAVE10,Chicago
2024-11-17,46287e81-dc4b-40b0-b8d5-f31b5084b696,Pendant,1183.31,2,NONE,Chicago
2024-11-28,9be21a0c-df0e-4e4d-b98b-535aacfcf85e,Earrings,1428.17,5,FREESHIP,San Diego
2024-11-07,7c93af60-31d7-42fd-9b98-1444ae35d21f,Bracelet,1100.24,3,SAVE10,New York
2025-01-31,8d6939b2-d994-46f1-a59c-a2f4c5eb6968,Necklace,3476.61,1,FREESHIP,New York
2024-07-23,c8f1edbb-3efd-4091-83e6-b306375551d6,Pendant,4328.61,4,SAVE10,Los Angeles
2024-07-23,cd05d382-7c4d-4c7d-89d6-e32805a74d6f,Pendant,3006.79,1,DISCOUNT15,Dallas
2024-10-06,7df80eed-d629-4eab-a790-90574f2c5b96,Pendant,723.09,4,SAVE10,Los Angeles
2024-12-19,9cc8a24e-b06d-4219-8f36-9a7e3973ca24,Pendant,4823.45,5,DISCOUNT15,New York
2024-08-21,5bafdf49-f4c1-417c-a46c-7083d0091f18,Anklet,252.7,1,DISCOUNT15,San Diego
2025-04-01,5fd73afd-527a-49d1-ba2a-5300a391a018,Pendant,4727.89,3,JEWEL20,New York
2024-09-07,71b1d32d-d755-46c0-a48a-dc6acb82f0e1,Ring,1678.06,3,NONE,New York
2024-12-16,d4f86aeb-595d-4785-9b41-8f9cdc119372,Anklet,3179.31,4,FREESHIP,San Jose
2024-11-08,508de341-fc9c-4b7a-9fe0-45487f8b8a29,Ring,1593.58,1,FREESHIP,Chicago
2025-04-05,9dfe5aaf-5bfa-4a53-8895-f27bc222076e,Pendant,629.97,5,JEWEL20,Los Angeles
2025-01-05,e23327cb-4438-4d59-9eee-1bcd4c614e97,Bracelet,62.27,1,FREESHIP,Los Angeles
2025-02-16,0405de77-f458-4918-95ff-258f51ad628e,Necklace,3861.68,2,FREESHIP,Los Angeles
2024-12-21,c6f97f4b-bb7a-4617-8b3d-718a7d6928e0,Pendant,1604.6,5,DISCOUNT15,Chicago
2025-02-08,7b0892fc-63d3-43c4-bbfa-25441e3e797e,Bracelet,3874.05,3,NONE,Chicago
2024-11-06,5a738891-db78-4337-80b2-fdb29f8525e1,Anklet,810.31,3,DISCOUNT15,San Jose
2025-05-27,e202d217-3ba2-4847-a62f-4f0f28ae7eb1,Bracelet,859.71,3,DISCOUNT15,New York
2024-07-30,5652664e-b11e-4345-947e-524e0642aefe,Necklace,2501.05,3,FREESHIP,San Diego
2025-01-25,06aec243-f6df-4cda-be11-1e876eb2d31e,Ring,4231.69,3,NONE,Houston
2025-03-30,739612e1-d4d8-45f9-90b1-f4bbc95d98dd,Earrings,193.15,2,JEWEL20,New York
2025-05-22,d4094c92-1108-404f-91a5-26cd88346247,Earrings,4927.21,4,JEWEL20,Dallas
2025-02-23,846075fd-9f0b-4fd2-8a6f-8ad0923765d6,Earrings,2665.63,5,FREESHIP,Houston
2024-12-08,617dc9a2-c003-4213-9373-c0e542beb1ff,Bracelet,4678.72,2,FREESHIP,Phoenix
2024-06-24,55eb3adf-5954-450d-aff4-c4e88889b2d0,Earrings,848.98,3,DISCOUNT15,Houston
2024-09-09,d08d3f8f-c537-492a-9be0-b54eec67be95,Bracelet,3118.79,3,NONE,Houston
2024-09-30,e36a0d3b-8cb1-4a5c-b558-038851a9bf6c,Bracelet,4662.3,3,SAVE10,Phoenix
2025-02-17,8bf379aa-d35c-4d97-bca4-79df5fc3c24b,Pendant,3463.03,3,NONE,San Jose
2025-03-19,8afe8747-e48c-4c01-93b4-65df4eff6a67,Earrings,895.84,5,JEWEL20,Los Angeles
2025-05-06,c722a6ad-f670-46a8-8497-b5180b21a9d0,Pendant,558.53,3,SAVE10,San Diego
2024-08-24,ef55cab4-4b29-4628-b54c-de700a179191,Earrings,2460.87,5,NONE,San Diego
2024-07-27,cdc0b10b-a8e6-44b6-8705-b37ae2842730,Pendant,1038.22,1,SAVE10,Chicago
2024-12-16,bc6d83f3-6944-4a49-8a7b-b4d62b387263,Necklace,3353.52,2,DISCOUNT15,Phoenix
2025-02-12,5e679194-924c-4dd8-9aa2-bd27c86f8232,Earrings,4449.27,4,JEWEL20,Chicago
2025-01-01,e4ad68fb-c3e4-49dd-8aed-d3a58a4ea36e,Anklet,4060.48,4,JEWEL20,New York
2024-06-20,c68f019f-37f6-4328-820b-4ae44d2071b3,Necklace,410.3,2,SAVE10,Chicago
2025-01-30,05a91ff6-c731-4be7-8580-4d0e5f0abf5c,Necklace,335.17,5,SAVE10,Phoenix
2024-07-29,53297532-c1cb-479f-bdbe-857a32111dc0,Earrings,4235.11,1,FREESHIP,Phoenix
2024-06-20,ea09d779-12cf-4fbf-b08d-03a8c9bc6382,Pendant,4262.1,1,DISCOUNT15,Phoenix
2025-02-26,07332120-dd9f-47a8-8e4b-8f2a1652e0bd,Anklet,2230.45,2,DISCOUNT15,New York
2025-04-28,44a472b9-ca8f-4883-9161-85ed627c91f5,Earrings,954.07,4,FREESHIP,Dallas
2025-01-03,4165cd09-633a-45ed-b146-bb9177bdc6ee,Earrings,2062.95,2,SAVE10,San Diego
2025-01-26,77cd2d6d-1aeb-4718-8718-36ff5ff54878,Ring,3142.68,4,FREESHIP,Houston
2025-01-19,71464a32-52b3-4f0e-a78f-c46c41f8a72e,Earrings,1810.68,1,FREESHIP,San Diego
2024-12-04,9e1c909a-18a0-4a8b-b8ef-a2c17a79d0f4,Pendant,897.85,2,DISCOUNT15,Phoenix
2025-05-13,8af0439b-ec63-4076-9dd0-79856bffef37,Anklet,4503.35,1,FREESHIP,Los Angeles
2024-09-01,c529a1e6-80b4-4dcf-8035-a41c4331b3bb,Earrings,2950.26,2,NONE,San Jose
2024-07-31,e9de5b88-e613-46ec-a5bf-de1032e1b7dd,Necklace,2843.22,4,SAVE10,San Jose
2025-04-07,b5a0afd7-ace9-40bc-ac64-ca8d346a4199,Pendant,463.04,4,NONE,Chicago
2024-11-05,8686bc6d-1e73-4328-9b73-dfc9cf7825d2,Pendant,2522.48,1,NONE,Chicago
2024-06-30,6afaec07-99f9-4e8e-a476-f2a50b5283cf,Bracelet,4277.74,3,SAVE10,Los Angeles
2025-04-28,b4994188-48f7-4ce0-88d0-372bbd3a8fbd,Pendant,3522.47,1,JEWEL20,Los Angeles
2024-08-04,088310e0-d28b-4836-a8df-1830c4f53f93,Earrings,2609.38,2,DISCOUNT15,San Diego
2024-11-02,c088ecc7-1741-4947-851a-7ce557e94b06,Anklet,2837.17,4,DISCOUNT15,Chicago
2024-10-01,539d37f2-53ba-4a0a-a77c-821cd5b7762b,Pendant,182.32,1,NONE,Phoenix
2025-02-04,c1c19a86-9e20-4069-b0bd-cfca3f7ec96a,Ring,959.9,1,SAVE10,Houston
2024-08-14,354ff752-58f6-4c62-ae5c-929fa136f6b6,Earrings,2217.79,5,FREESHIP,Chicago
2025-01-30,3dad2547-2e63-431d-b92a-8d0dda82206e,Anklet,417.05,5,JEWEL20,Chicago
2024-07-20,a63e1e63-8d30-4864-9eec-d9a70b127a1a,Earrings,3287.33,2,SAVE10,San Jose
2025-01-04,7e6bd365-4272-4066-b115-fbf4e41b82d3,Bracelet,890.65,4,JEWEL20,Chicago
2024-07-08,412b5265-107e-4030-9720-9f1c86360a01,Bracelet,4789.76,5,DISCOUNT15,Los Angeles
2025-03-20,9cd5a6b3-79f5-462d-90c0-c592d62bd2b0,Bracelet,256.99,3,DISCOUNT15,San Diego
2025-02-07,69c8c733-f278-41a7-917b-59211d524d45,Necklace,1517.46,4,FREESHIP,Dallas
2024-06-22,e5e0cc05-0a00-4654-aabe-844d5ece466b,Earrings,2696.28,3,JEWEL20,Dallas
2025-05-18,7b7fe75a-fb8c-465a-a21d-40c70a33c87c,Necklace,4622.22,5,NONE,Phoenix
2025-04-28,2dba97ed-7d59-42b3-be58-1d81339b751f,Pendant,105.86,4,NONE,San Diego
2025-04-02,85bf13cf-fb03-4567-9640-f965dfe0f90e,Earrings,3648.28,2,FREESHIP,Houston
2024-10-22,399a827a-2cb3-4061-ac28-ebfb44096aae,Necklace,4861.78,2,SAVE10,Los Angeles
2024-08-07,bda11153-a2ac-43e0-ba39-6309f770902d,Earrings,1517.18,2,NONE,Houston
2024-11-10,f0405b4a-44d2-4031-87b9-7f874ee2680b,Pendant,4577.27,2,JEWEL20,Houston
2025-04-25,fa6db040-f4eb-4119-aed6-0a6ac78c0ab4,Earrings,3156.05,4,SAVE10,Dallas
2024-05-31,f8f8ef31-8c3a-43d0-a2c6-4e09bc5e1003,Anklet,1323.84,3,FREESHIP,Houston
2025-01-02,ed47d21b-531c-4078-9186-cfea4f680a1d,Necklace,3889.55,5,SAVE10,San Jose
2025-02-10,6a4925d5-37f8-4875-9f56-1eefde5a9f91,Pendant,2428.2,4,JEWEL20,San Jose
2024-07-02,5b9d84bd-aa14-4002-9a73-ed7889c35de2,Pendant,372.72,3,FREESHIP,San Jose
2024-06-11,8ad455ad-4092-41aa-9fc4-6e1afd2235d9,Necklace,3807.33,5,FREESHIP,Chicago
2024-10-17,3ee552b6-bbb6-4515-ba45-a3ca3932d9d6,Anklet,1494.49,5,DISCOUNT15,Chicago
2024-09-08,342d215f-943c-45b5-9a2d-525222056d1b,Necklace,2795.84,5,SAVE10,Dallas
2025-05-04,1ef439d7-7287-4349-9213-58f9e5bb1be6,Anklet,4977.05,5,DISCOUNT15,Phoenix
2024-11-30,cb59ef10-8d32-4498-af71-21a8c794cafa,Anklet,2501.59,1,DISCOUNT15,San Jose
2025-03-04,e4b9e681-cd1c-4c8a-9a93-ebf91c18a62a,Anklet,1616.4,3,JEWEL20,New York
2024-08-05,2acb9f79-c693-40d8-b63e-605c336fd1cb,Bracelet,217.88,3,JEWEL20,Phoenix
2024-08-03,a6462e50-39fb-4b8e-914e-d177b64b0c83,Bracelet,3585.21,3,FREESHIP,San Diego
2024-10-23,d9d4f7d2-5d36-41cb-8ebf-42df98d4f7d8,Necklace,2572.25,3,NONE,Dallas
2025-02-23,809dd0c8-b198-4b0a-bac4-628fde749e35,Anklet,4473.97,3,SAVE10,Phoenix
2025-04-20,b8d4952e-ad79-4c7f-ae88-e93540cb494d,Ring,3747.02,1,NONE,San Diego
2024-12-26,df33f656-3562-46f8-9295-cd64a5069ea5,Bracelet,563.93,4,FREESHIP,San Diego
2024-07-01,5090a182-6eb7-4f5d-8282-d1908f5395a6,Necklace,3815.83,2,SAVE10,Houston
2024-12-13,9db2151f-78c4-4eef-bbe3-2427812035b7,Necklace,3193.45,3,SAVE10,San Diego
2025-01-10,a303a8d9-0079-4289-b253-306b600e758c,Necklace,4966.29,2,DISCOUNT15,San Diego
2025-05-01,312fd475-50af-4660-9da5-00c1ae4a4271,Earrings,2650.44,3,JEWEL20,Phoenix
2024-06-04,4fc1e0a2-a72d-462e-a191-8165f6bba582,Anklet,3661.84,1,JEWEL20,Houston
2025-05-13,0125991b-1ff4-48cf-bc29-8a72124fc570,Bracelet,728.06,1,DISCOUNT15,Houston
2025-01-09,d6b1ba4d-1e53-4044-9acf-db491f91d7a4,Bracelet,743.08,4,JEWEL20,San Diego
2025-02-26,ec8c5f60-d25f-4810-a9f8-d34aa0d9a8c2,Anklet,4591.71,2,JEWEL20,Phoenix
2025-01-07,112fcbc0-dc1f-4672-816f-66f957bfcd24,Ring,2123.83,1,SAVE10,Houston
